{"cameraMode":{"drawMode":0,"name":"Shaded","section":"Shading Mode"},"sceneLighting":false,"audioPlay":false,"sceneViewState":{"showFog":false,"showMaterialUpdate":false,"showSkybox":false,"showFlares":false,"showImageEffects":false,"showParticleSystems":false},"in2DMode":false,"pivot":{"x":820.6868896484375,"y":1087.2763671875,"z":-26.1668701171875},"rotation":{"x":0.20933450758457185,"y":0.005867563188076019,"z":-0.0012557368027046323,"w":0.9778267741203308},"size":564.020263671875,"orthographic":false}